,F1 Score,Accuracy,AUC,AP,AUPRC,Kappa,TPR@1%FPR,TPR@5%FPR,EER,Model
0,0.04879541216681357,0.5000178526796872,0.48044902999665895,0.15314216873442144,0.1530595466929481,1.2051492939146868e-05,0.0580372845585649,0.030425606753429476,0.5106223444121826,"Pipeline(steps=[('scaler', StandardScaler()),
                ('clf', LinearDiscriminantAnalysis())])"
1,0.34499352250619364,0.45718321123201433,0.4567601347489869,0.1552882719094404,0.4078030004693013,-0.03616263973500011,0.0,0.0,0.5348342944762353,"Pipeline(steps=[('scaler', StandardScaler()),
                ('clf',
                 DecisionTreeClassifier(min_samples_split=20,
                                        random_state=RandomState(MT19937) at 0x117DE5C7940))])"
2,0.12488638293411856,0.5070238206490285,0.44137538865371595,0.14999144135237252,0.149936703565352,0.004920940546860542,0.08019697502638058,0.04150545198733732,0.54713330988343,"Pipeline(steps=[('scaler', StandardScaler()),
                ('clf',
                 RandomForestClassifier(min_samples_split=20, n_jobs=-1,
                                        random_state=RandomState(MT19937) at 0x117DE5C7940))])"
3,0.08905578945771073,0.5049152609340253,0.4793130331557104,0.1550801228801733,0.1550139902289018,0.003380266604655513,0.07386563489271895,0.0318325712275765,0.506980397757175,"Pipeline(steps=[('scaler', StandardScaler()),
                ('clf', MLPClassifier(max_iter=1000))])"
