,F1 Score,Accuracy,mAUC,mAP,mAUPRC,Kappa,mTPR@1%FPR,mTPR@5%FPR,mEER,Model
0,0.6214969039188428,0.3956439290316318,0.5341212597679713,0.35808241828541293,0.40404086530116895,0.10502983457976134,0.12367045284194876,0.07455929139112134,0.4877795974765086,"Pipeline(steps=[('scaler', StandardScaler()),
                ('clf', LinearDiscriminantAnalysis())])"
1,0.6223121169213395,0.3848382981227591,0.5331260303878338,0.3504435082658688,0.3966257378435232,0.08846660052625988,0.11934882901537412,0.10868416536037233,0.48079717943464756,"Pipeline(steps=[('scaler', StandardScaler()),
                ('clf',
                 DecisionTreeClassifier(min_samples_split=20,
                                        random_state=RandomState(MT19937) at 0x1F212F2EA40))])"
2,0.1612099315584796,0.3366459337073444,0.542129408577135,0.3607934014129444,0.360754516144215,-0.0016115331220483142,0.1587431789964371,0.08512038552665785,0.4758699672676204,"Pipeline(steps=[('scaler', StandardScaler()),
                ('clf',
                 RandomForestClassifier(min_samples_split=20, n_jobs=-1,
                                        random_state=RandomState(MT19937) at 0x1F212F2EA40))])"
3,0.15424569962087392,0.32307407511020353,0.4680793622051982,0.32221669560044774,0.40483209903195144,-0.001887672216556835,0.08619382549965939,0.023961036047535283,0.5395677828546342,"Pipeline(steps=[('scaler', StandardScaler()),
                ('clf', MLPClassifier(max_iter=1000))])"
