,F1 Score,Accuracy,mAUC,mAP,mAUPRC,Kappa,mTPR@1%FPR,mTPR@5%FPR,mEER,Model
0,0.2667014570942376,0.1747094651461523,0.31538189753187584,0.2520924391137846,0.27409528209498807,-0.33026573292392425,0.03537520417614978,0.019159283691892362,0.6817115862762924,"Pipeline(steps=[('scaler', StandardScaler()),
                ('clf', LinearDiscriminantAnalysis())])"
1,0.2206823218083215,0.15682666459070657,0.3568606787280928,0.307158132515682,0.2883846714943082,-0.3476920813509641,0.05386694416714136,0.04002040255027509,0.6427341639718264,"Pipeline(steps=[('scaler', StandardScaler()),
                ('clf',
                 DecisionTreeClassifier(min_samples_split=20,
                                        random_state=RandomState(MT19937) at 0x117DE62A040))])"
2,0.2260255803132717,0.16329177760385752,0.358775506056439,0.2745345614486975,0.27452100373085075,-0.33448362866694237,0.06979450198733077,0.049140657624547245,0.6305792082931246,"Pipeline(steps=[('scaler', StandardScaler()),
                ('clf',
                 RandomForestClassifier(min_samples_split=20, n_jobs=-1,
                                        random_state=RandomState(MT19937) at 0x117DE62A040))])"
3,0.2299416238422636,0.26108337801854625,0.40741537550451484,0.2836803184660055,0.28755794043972266,-0.1335209871882186,0.07238867469728881,0.03742136808207039,0.5765369849311455,"Pipeline(steps=[('scaler', StandardScaler()),
                ('clf', MLPClassifier(max_iter=1000))])"
