,F1 Score,Accuracy,AUC,AP,AUPRC,Kappa,TPR@1%FPR,TPR@5%FPR,EER,Model
0,0.025999081060898224,0.49933204077889154,0.46343459809550225,0.1007440760301356,0.469628069470127,-0.00028911453775171125,0.0,0.0,0.5211711376237609,"Pipeline(steps=[('scaler', StandardScaler()),
                ('clf', LinearDiscriminantAnalysis())])"
1,0.8115416567013386,0.5272854278543521,0.5281811259523355,0.11709818871560715,0.18702328894674677,0.05137278868783157,0.1463784721146998,0.1259096398600316,0.4839609977700039,"Pipeline(steps=[('scaler', StandardScaler()),
                ('clf',
                 DecisionTreeClassifier(min_samples_split=20,
                                        random_state=RandomState(MT19937) at 0x117DE62AA40))])"
2,0.73101803501386,0.5545972633258598,0.5555557127744829,0.13037951669166692,0.13036357841033896,0.060459872491396505,0.1658563775431208,0.07029387173690893,0.45152360923357465,"Pipeline(steps=[('scaler', StandardScaler()),
                ('clf',
                 RandomForestClassifier(min_samples_split=20, n_jobs=-1,
                                        random_state=RandomState(MT19937) at 0x117DE62AA40))])"
3,0.15337427433222514,0.4986929599348671,0.49377996414697745,0.10807879028498424,0.3831266480378755,-0.0006077269077187086,0.0,0.0,0.494208089390018,"Pipeline(steps=[('scaler', StandardScaler()),
                ('clf', MLPClassifier(max_iter=1000))])"
